platform,keyword,title,description,sentiment_label,sentiment_score,published_date
news,amazon,Amazon’s Andy Jassy Just Named His Biggest Threat—It’s Not A Retailer - Forbes,"<a href=""https://news.google.com/rss/articles/CBMivwFBVV95cUxNYk9GQzNMVDhJZDI0X21haWhnMnNCMm9hTTBTemVaRF9POXNNRGFRXzF4SUxMVm5DV0U5OXBYckFsOXRuckNXb19ETkpMbTkxdXAwQWZaZUxRdjlpdlVmMllJNFJ6U0FqeHdLZ3VBQ25TUVBpY3Bac3h5QWI2WmRfY3U0WkNMcFNod0p4NDNWdXpLUzJjTUwyV0xrQjExZGxVTDNOV0hweEZ1Um9HeUtEYmR4NlZwQ2F6TVdwcEFrNA?oc=5"" target=""_blank"">Amazon’s Andy Jassy Just Named His Biggest Threat—It’s Not A Retailer</a>&nbsp;&nbsp;<font color=""#6f6f6f"">Forbes</font>",Negative,0.6494807004928589,"Mon, 16 Feb 2026 00:42:31 GMT"
news,amazon,Don’t Fall for the Crappy Laptops Amazon Promotes. Buy One of These Instead - WIRED,"<a href=""https://news.google.com/rss/articles/CBMiW0FVX3lxTE1vRkxNYmw1XzBpeFpSYzdJMlhTQ2VvSmtQdExEYzhrQk1JY29RT2Z5MG01VXZ1QWVvZi1LLUtrOEtVVThZMGpPQnFjaDRlMzA2c1A0cXFJajg5Wlk?oc=5"" target=""_blank"">Don’t Fall for the Crappy Laptops Amazon Promotes. Buy One of These Instead</a>&nbsp;&nbsp;<font color=""#6f6f6f"">WIRED</font>",Negative,0.7512689828872681,"Mon, 16 Feb 2026 12:00:00 GMT"
news,amazon,"She Met Her Groom At Amazon, Gets Company Logo Etched On Mehendi At Her Wedding - NDTV","<a href=""https://news.google.com/rss/articles/CBMiyAFBVV95cUxOa2dBZEhxZjFpd1M0M1gxWklSVERmX2x4LVFqVWJZU2dBM1hPbEhwaDl5TjhJS0x0dzZaUUNtOWM1UGpUblRQOTVTa28zdG5VWkgwOUxfdmxSVlAtVFZuT0k1TVlmUnpGX1JSRHROWGVCbVFIei1jUVFJS0pHejcyenhWbVJONEE4U25oTlUzMllCdEZkOEk2SjM2MlpTRXNvbTVwak5wUFlPODVZRnl5ell6VnNBeUM2MTNOM2FyUjZqek5uT0s4WA?oc=5"" target=""_blank"">She Met Her Groom At Amazon, Gets Company Logo Etched On Mehendi At Her Wedding</a>&nbsp;&nbsp;<font color=""#6f6f6f"">NDTV</font>",Neutral,0.8308026194572449,"Sun, 15 Feb 2026 15:30:57 GMT"
news,amazon,"1,500 Amazon engineers to company's leadership: Stop forcing us to use your coding tool, we want to… - Times of India","<a href=""https://news.google.com/rss/articles/CBMiigJBVV95cUxPb3RGd1l5UzloYVlEMTdEa1hmRzlTNzdlU0RiMlAxUlJEZHVpeUEzbWlaVEZnbW1CTmwzLThXWjN0Q1pzSXpDaVFzQlY3N2VPMnhlbHJST1hUT3BRYUstbU5TUXdub1R6RTE5cWVmeGxsWGxwaVhjTk5ZeV9wa2JsR3ZmZlp5UDY2TEdtUjA3a09qNHZfR29JMHk5NXVsbXlCelRaa3pUSzBXM0VjLVVBOUtjM2t1OEVRT0FMcTZjRUVGZ1VMTW9wQmtfUldlMlNhckxDMldtRnBmeHB0bDFlRnoyeVJaamw4QWpId2QyOE8zeFJQRUQ5SEg4RmtpN1VUb2xxVVpXeFBQd9IBjwJBVV95cUxOUUxDR01zX1NUYnFXc01YYlJJd2I5R0k2MmNEOXFEa0FqdGJXdzEycVFseTNOdE5pQmlYYnFJTmZudXZGZWtpT0hRamtGUkMwdFc4b0czcVcxQ1k4NzE0LXppODJhQnV1aEFUMUhhWi1XY3cxZTY1WmxhVWRjSzJGd3hZWUV3YVJoRDJKZHJRZ2JrYzZ5d1JBSXQtZGRSekVsNlM4SE4wWmVrMVFTMWtIdW4waHdzLV85bnhvTGhuLXB0TjNZOUhEU3A3WGx6ekdpanJURDRZYmZaYl93djNMYTVjOUF6WDZudU40b2hVQlNrOHpFUTBnU0dwejRoWDVQTE9BZzJyOThYQkV2OXJr?oc=5"" target=""_blank"">1,500 Amazon engineers to company's leadership: Stop forcing us to use your coding tool, we want to…</a>&nbsp;&nbsp;<font color=""#6f6f6f"">Times of India</font>",Negative,0.5004924535751343,"Fri, 13 Feb 2026 12:39:00 GMT"
news,amazon,This 'Perfect' $6 Amazon Gadget Adds MagSafe Support To Your Kindle - bgr.com,"<a href=""https://news.google.com/rss/articles/CBMicEFVX3lxTE9lS3lhbjRLM1RRSS1uODZCcjR6ajB3ZklDbVZSNWwzV1NZeUJTR2tWaGxQYldlMk1lSDJoLUlRYm1OTmpicDJ0UDEzVVd4WGRXbEhtNTlxd2JKcnh4S1pYN24tNm9fOUU0VndlRDdwZ0Y?oc=5"" target=""_blank"">This 'Perfect' $6 Amazon Gadget Adds MagSafe Support To Your Kindle</a>&nbsp;&nbsp;<font color=""#6f6f6f"">bgr.com</font>",Positive,0.8600371479988098,"Sun, 15 Feb 2026 17:17:00 GMT"
news,amazon,Amazon GC Gaurav Ajmani joins Snapchat as Assistant General Counsel and Chief Compliance Officer - Bar and Bench,"<a href=""https://news.google.com/rss/articles/CBMi3AFBVV95cUxQNlM0Qk5jMHFXS2JvU3lRTzFOcDF0WHRxNGFWQzFPNjU1aXhFU2xxYllESWtVSjlFd2h6VnktbFl1TjdzaFAycUthZU56UVJBdUxzcmJZZzhTZFRWaU9BYUpJakFzUjZqNTVpM29pT3lIbmw0eHBDY2IyMWNaQWlKazNRQnllcXB5WXFNazU2LS1uVkJCUzIxYTZVX0g1TnJaTVgtXzNyY1pQYVo5T2RRbWx0LVNCMk1zek5rck9YRms0d1BYSXk0OXFmRldDdmFCREJOUmFPMHZrcGRk0gHqAUFVX3lxTFBRU0hZQXhyUF9seWVReGZTN0JQYUVDd0xNa2tkTkFHVk5FODVQUU9BVGtmUEtwMXNiVzBySlRQRVJFMVFvTEhkcEFZbXFLRlIwSGVDWkNGUkdtY25qME9vVkwwOURKZXJfOW56d1pYdVlyeUEyRTlTckt0VDRFVmxENzRjSGV1eUtwMTI2YS1rbno0X1FEQW1FVmNobFRrdjZMZnVjYmJ5dW1YRzNxd0l0ejFpSHUxel9wTWd3cHdxb0t5SkpzM3NBRWlOb0lMS3R0M21HTlhzV1pQcmE2SGtJdTdNWkpiX2JDZw?oc=5"" target=""_blank"">Amazon GC Gaurav Ajmani joins Snapchat as Assistant General Counsel and Chief Compliance Officer</a>&nbsp;&nbsp;<font color=""#6f6f6f"">Bar and Bench</font>",Neutral,0.8773717284202576,"Mon, 16 Feb 2026 07:45:54 GMT"
news,amazon,Futures Rise In Choppy Market; What To Do Now - Investor's Business Daily,"<a href=""https://news.google.com/rss/articles/CBMi0AFBVV95cUxPUVBpX18tdkg0dVlvVHJFZmxGZjBYT2h4MnhnX0pQalMwR01lTXlDdWJCNWFESmtWaTZUUExFb0l5Njl5dG94MXJBWDRWYURlQTJDTlFmV3hEcjU3NlQxVHlWbkJDaWM0bzBNYzJMQWZOaGpVQURQaDBmN2NUdU9OYnhPSmxnUC1LdGFPSS1VbVNMcWVhOGhVQ3hmNnB1dHBSb2RpVG9pR1p6VFMyNDdRZEVpTkhjdlVrekdZTmtYbnFWNTVTYjhLZ3BjTTlSMDQ2?oc=5"" target=""_blank"">Futures Rise In Choppy Market; What To Do Now</a>&nbsp;&nbsp;<font color=""#6f6f6f"">Investor's Business Daily</font>",Neutral,0.8443363308906555,"Mon, 16 Feb 2026 04:04:00 GMT"
news,amazon,"Nvidia Brings GeForce Now, Its Cloud Game Streaming Service To Select Amazon Fire TV Stick Devices - IGN India","<a href=""https://news.google.com/rss/articles/CBMizgFBVV95cUxNRGtvTEFnNXVnR2xBejlCbk15X2NRTENjVmIyazRnUGNUUklVZDZLU3cyUjR6alZUQ2tHSXhVa1Q5TF93bzEwUXcxTnRnR0Z1bjRmUjdYSzJOLWxheVRLMk9CVWlYaEFWNWFacE5JRjloRUVEY1prTFJCdE1IN0NqWTFDYnRoWk9JNGNVYnU5b1lSRVU4QTFnaE1VdjRsLVFqVmdkaU5LMENUTWRYcHhRSUgycjI5MkUwSjFUVTl5VGtNNXJkSlllaGhaWEJRQQ?oc=5"" target=""_blank"">Nvidia Brings GeForce Now, Its Cloud Game Streaming Service To Select Amazon Fire TV Stick Devices</a>&nbsp;&nbsp;<font color=""#6f6f6f"">IGN India</font>",Neutral,0.8033826947212219,"Mon, 16 Feb 2026 14:40:28 GMT"
news,amazon,Amazon Mega World Cup Sale: Deals of TVs and Projectors - FoneArena.com,"<a href=""https://news.google.com/rss/articles/CBMihwFBVV95cUxQanh3eHY5cTNSTHh2b1U1MVNTLWpDLTJ4Q2loWVhTVFNWZGI4V0NyWmxobTVCeVBKeFhkU0Y1Z0lEbDVOc2pkUnUzOGJ3SkVmOUlwNXJhc1FlZjI3c0dmSW9yN0ZKa1BpX3psRmU1b3VuaXVTaTVPb25XUm9qMFNLZlhMNWRkdlXSAYwBQVVfeXFMT0REbDYxdWRTbGZCclZ6ZUdsdzR5RE40bi1iaTFpWWJ1R1hvRkctMDFSa2lQcnZHNFZZNzFXcnNadllENEJHbVAwMlRCZm50RUtCQnF2amMxYlZmQy14Mks1NkpnYy0tVEU0RGJ3X3JzUGZ5MW91dTFYQXZZOVFxZ1ozQWQyX0kzbFhrc28?oc=5"" target=""_blank"">Amazon Mega World Cup Sale: Deals of TVs and Projectors</a>&nbsp;&nbsp;<font color=""#6f6f6f"">FoneArena.com</font>",Neutral,0.8054516911506653,"Mon, 16 Feb 2026 02:41:10 GMT"
news,amazon,Lava Bold N2 launching in India on February 17; Amazon exclusive confirmed - India TV News,"<a href=""https://news.google.com/rss/articles/CBMi0gFBVV95cUxPZXEtekx6YlI3ZjZBeHdvaUZDR2wtNi0wd09aSzU2aEp4d0p5WGl0UElhemlsWWdieFdGbHllbWJMNFRZcVVIYmpIMUg1NTJVZUtoWVdtNmpFVmhtOXI4VUZESWR6S3VvVFV1S2VqNkdQc0JBd252TUhaR0dFdTlwRldvNkIzV1RkckM0ak1Vdm12RzBSaVplM0tFSDVnNEt4X05hWXlIX0hyZ0YxMGZEMGozSWVrek9fbjdtajRFYUtyRmJYWlNFSTB4YlNEeUVHdHfSAdcBQVVfeXFMTWZ0RUpaYndZdGd5Zy1NQW1rZ3MwUUx0YXQ5Um9zTEdDeHpUY2tCQkFxcm5lLU5FQjIzNlVlVlVWTDBPaWRUeFRKZVh4UHdkUmE5bXRoRU5oNnBIN2l0alJRWV9rbEVwT1RDMnlGSnRERGJhdHZSUzFHc2lQWmFaTHNiUlJtSlY4ZU5lSWFjX01BQnI5N212TmI0THJDclVnOGp0ZzNqRktFOHVreXRNd1pmNjVnMUl0RVVIVXRvMDdIZEVacUxCeXU3eHh2ZjBHVldieHNJRlE?oc=5"" target=""_blank"">Lava Bold N2 launching in India on February 17; Amazon exclusive confirmed</a>&nbsp;&nbsp;<font color=""#6f6f6f"">India TV News</font>",Neutral,0.8524991869926453,"Mon, 16 Feb 2026 10:03:21 GMT"
news,amazon,This Key Metric for Amazon and Alphabet Will Take a Huge Hit in 2026 Thanks to Massive AI Spending. Here's What It Means for Investors. - Nasdaq,"<a href=""https://news.google.com/rss/articles/CBMiuwFBVV95cUxObC1DRTh3RDEwcGNzd0cxQ19vTUlPd2QyeExtcWl0UFJPQ2ZyRDRZcWpSY1RKbVZFRWhqRkxhNWljY2VWb3VUVnJVbElRaGFibUlmdWFORktXdkRXY2c2QlFVVzhPM3k1S0VZaVdDckJOYlYxck9Td1RkaC1NOXNmRzBlWGlDRXRvR3hHQ1J1NXBUX1U3V3lPbXJjSG84TklXbDJZWVVkR25rQ1Q0and5N3JBTkprZWJyMm40?oc=5"" target=""_blank"">This Key Metric for Amazon and Alphabet Will Take a Huge Hit in 2026 Thanks to Massive AI Spending. Here's What It Means for Investors.</a>&nbsp;&nbsp;<font color=""#6f6f6f"">Nasdaq</font>",Negative,0.48653534054756165,"Sun, 15 Feb 2026 16:52:00 GMT"
news,amazon,'Cross' Is Perfect Crime Thriller for 'Reacher' Fans on Amazon Prime Video - MovieWeb,"<a href=""https://news.google.com/rss/articles/CBMiiwFBVV95cUxQTEw2LUYwOUNjcGxxZ3RlZFRBbEVkV1A2VVpzYkxoWlB6aXNKTVBjcldEaS0yZXBiRkQyTE1zRHNPVmNMSVRDcHFXenp3QkQzRjAxallKeUdBOWZpdlZmazRLMTllSUR0MzltWkJRMkhXa01SSVJLbDFlVXU3VE9mWl8tNmNIdGxxd3dB?oc=5"" target=""_blank"">'Cross' Is Perfect Crime Thriller for 'Reacher' Fans on Amazon Prime Video</a>&nbsp;&nbsp;<font color=""#6f6f6f"">MovieWeb</font>",Positive,0.5607147812843323,"Sat, 14 Feb 2026 23:15:16 GMT"
news,amazon,Amazon-backed nuclear company gets US approval for reactor fuel - Mining.com,"<a href=""https://news.google.com/rss/articles/CBMilgFBVV95cUxOZHpwcXBwSXFpWGRhNTNHNmNHOXZYcnJkODhVR01nbEJYczZXeEVCT3F6Y1dnM0tWWWhJN1A3eG9wYjU3R0F2OG5oRE94b2ZQdXlOT1g5d2lCOTFUcXFIckNXWkwteWtaUldqaXpQaGtMbC1VbFU2bzFIS3BUQ1VIa1I2bGlZTmpwckpGMkkxbFZlYlozQ0E?oc=5"" target=""_blank"">Amazon-backed nuclear company gets US approval for reactor fuel</a>&nbsp;&nbsp;<font color=""#6f6f6f"">Mining.com</font>",Neutral,0.6971757411956787,"Sat, 14 Feb 2026 00:06:25 GMT"
news,amazon,Arianespace successfully launches 32 Amazon Leo satellites with the first Ariane 64 - Newsroom Arianespace,"<a href=""https://news.google.com/rss/articles/CBMiU0FVX3lxTFAtVnlKT0hralZETE10ZFdOWFRnUkN1b0ZTQ1drcnNhWXlYbDJKNlFWUS1CREduWVgyR0V2VktWb2lNVXhjcWc5Q1ZqWEw5VDhBV0V3?oc=5"" target=""_blank"">Arianespace successfully launches 32 Amazon Leo satellites with the first Ariane 64</a>&nbsp;&nbsp;<font color=""#6f6f6f"">Newsroom Arianespace</font>",Neutral,0.5540566444396973,"Thu, 12 Feb 2026 18:45:09 GMT"
news,amazon,Amazon Prime Video beats Crunchyroll in the race for the most anticipated anime of the year - Softonic,"<a href=""https://news.google.com/rss/articles/CBMiwgFBVV95cUxPSE9lWW1Sc3R4eUtvVkozSEY1eXpSbXJ1ZlpxWjFOdXRCQ3k4b2pkVmNYcDRxX3ZiOGRyX01RYllnbTVaRmFiQkthOUJpZDZpVE9icXZOU1dUNG85aV9PS1J2dnZfQWZKZ3ZIZlh2OEc3a1h4V2ZFanZvUG5rVWw2TWVCb2M1MEZLVUlzNFNvNlZ6d0NWRWx3UmZERWw0NUdFeDFVbFBSd1RXdklHXzVOb2x5RXU5WXRUUVAzT1RmLWRqZw?oc=5"" target=""_blank"">Amazon Prime Video beats Crunchyroll in the race for the most anticipated anime of the year</a>&nbsp;&nbsp;<font color=""#6f6f6f"">Softonic</font>",Neutral,0.5590109825134277,"Mon, 16 Feb 2026 09:38:02 GMT"
news,amazon,From office desks to wedding vows: When Amazon’s logo became part of a couple’s forever story - Business Today,"<a href=""https://news.google.com/rss/articles/CBMi7gFBVV95cUxNSm5FSGh0aTFmb2E5cFh1WTF5NEw2azE4c3M0TWduZkxpNWI3OUwyN3RoMGZhZm84bXFaVGZpYjhDRkdwbU5YRmc5Vlh4Vy00WXQ0UzVhRVhBYU4yZ2tEamlCbEhfdjNGUDZnZ3Y3SHViRmQ3b1FZOU5uN0dUSlNOeU9NbGtDcWs0QXJ4VGpvUVI4bm5wUEJpT0hyTW5WZURyLXdJeG94UEExVXNjYlpTYWdQWHJhak9ORVVsdjdlR3ZUTjdZU1VETVowWF8xdVl1Z2xnb1JVd1VMV2MzOWVCN0ktYzBQQUpXcWZFZTFn0gHzAUFVX3lxTFBFZnpLSGNjWHRTN1dhQlJCRHRIc1hVU3FmUy1PenhSUWxadXMzeEZjekYtWjRLNW9OdWJiX0Y4dUVCeXdBcmE3UzNqbHpOZHZDOXFzeDM0bzFuaDFWNl9raWEtVVBGS3RkVGcyR2M4VF9jNFlEQm41b2dGYm5TdlgtTGl2dUEyWkNmMThDWTVaM3ltWGJnVURlMXFCbTQ5dF96MjQwMTZMdEtlZjYwb1BjbmMtSm5qY2JvOVZQaDlEcFdRWEJSUGw4VHFYS2piZGZlQzFLYUF2NHhpOTgwNUxVd2c3ekV1REp2Y2pfeTBEaXh3Yw?oc=5"" target=""_blank"">From office desks to wedding vows: When Amazon’s logo became part of a couple’s forever story</a>&nbsp;&nbsp;<font color=""#6f6f6f"">Business Today</font>",Neutral,0.8177892565727234,"Mon, 16 Feb 2026 08:59:04 GMT"
news,amazon,"Microsoft, Alphabet, Amazon, and Meta Platforms Just Announced Fantastic News for Nvidia. - The Motley Fool","<a href=""https://news.google.com/rss/articles/CBMilwFBVV95cUxPQzVQU2NxZ0x0dm1oQ2xRWFZ6WHRJVmw1VDdXZExlUEZoeTdKa2hzMlI0MFA3Wmt3UlJUUVBfZm1MMC16Q0hSY2pEejl2a21oQXlkdnpac01zM3dpdVEyNnhneWp3dGZ3UkNpdmRnZHNyMERYV05uUlk1aGFzbFBYU19PTnV2dVM1SHZINGdYUWh6czVPbUhv?oc=5"" target=""_blank"">Microsoft, Alphabet, Amazon, and Meta Platforms Just Announced Fantastic News for Nvidia.</a>&nbsp;&nbsp;<font color=""#6f6f6f"">The Motley Fool</font>",Positive,0.9251952171325684,"Fri, 13 Feb 2026 11:15:00 GMT"
news,amazon,Amazon logo mehendi: Bride's viral nod to love story - Deccan Herald,"<a href=""https://news.google.com/rss/articles/CBMirgFBVV95cUxNWHVwWXpfZEEwOTJoci1rbmVkNkhFemI5N1V1MDNxTGFGTW51UHhlWE9TYmtKbHAxaTQ2VUZLUWV4Z09GM0k4SGIwVzZfOTRScG9PLWNZWVpGUnNxNnZBWVp4VmdUb0R4bjlZUDR2TDNqdWE3Zlo0czMyelVzeVZTN3UwRmZ6aXJYd0JKVTB4T09qWnVkbDUwMzRWODRweWVJRE1TanVJWGNkZmJ1UWc?oc=5"" target=""_blank"">Amazon logo mehendi: Bride's viral nod to love story</a>&nbsp;&nbsp;<font color=""#6f6f6f"">Deccan Herald</font>",Neutral,0.7869799137115479,"Mon, 16 Feb 2026 09:14:52 GMT"
news,amazon,Laid off at Amazon After 11 years: How an Indian techie’s teenage daughter taught him to bounce back - The Financial Express,"<a href=""https://news.google.com/rss/articles/CBMi4wFBVV95cUxPQ3ZlZ2NhNlB0V3l5SlBIMHptWmxyQlpYS29yUkp6eWw1aUFpMUdwOEY5dE9sRXVDOThpZ2stWVJMQk8zdEJ3UHhTRmxEejdFWGJqbDZweDlyZHFyRm1wTk9tOFBxRUNmbU5ZbDYtTF9kdDZiRUJ5V3AwWXUyWkRwRnRIaHo3T2wwZVE5bmFPcnNOcHBjQzhCMkVkMU45VHZCNTFoXy1yRHFqazBKNTI3ajVOTVI0WEJibEJWWTczdnhCVmVQRkZyZEJLSFQ1RVpTYUdOR2JWd2l6T0lmajNieFZtTdIB6gFBVV95cUxPUGVUN0tlU1Z0MmhwVGVfdjBzS3dZd3JRYWtjTVQyWnJ2MlJ5LW8ySXF4bTNDZm1CMDZsUDFBbWtXNm1fZEE5TWNJSG5aU1M5SXI5WDJKb0RFV2lhZVFuUy1udXJCb1o1M2N1aW9ZazQ5SXFZRjBSLUthTGhyelRfZzQxLU1lc3YxeDRIcmQ4YjZHS2VvVlhRdi13YXFuakZLRmRnMFZtM2ZBcFg4R0pXcU5wN2NRV1pxemU4YzZnWmZGa2o5LURGRFFpYTBRbXFRX3dSSGNQTGEwUFVvMi1EN3VzWldqeGJDakE?oc=5"" target=""_blank"">Laid off at Amazon After 11 years: How an Indian techie’s teenage daughter taught him to bounce back</a>&nbsp;&nbsp;<font color=""#6f6f6f"">The Financial Express</font>",Neutral,0.7306897640228271,"Mon, 16 Feb 2026 01:26:39 GMT"
news,amazon,"As Amazon loses $450 billion-plus in market value in less than 10 days, here's what founder Jeff Bezos to - Times of India","<a href=""https://news.google.com/rss/articles/CBMi6wJBVV95cUxPcDliSUhrZXpieWMxcVdMT2tWRG5BMGdFRTFrUHZkZC1EdmRkeGQ4ODdFRmhZS3VJTDZuczhZbkM0eFlFYWYtb0QxZUFvTk5LVEFUZ0Z2VXBLLV9aU2NxUndHNS1LaFpFcWQ2bVBHR21INDlyX0xNNG9paXEzSno2MmN3V1BkN2dMek84YXA4WlEwNmUxajRnVnJNTDM4dWVoR0FyZUNtYlhZWFhlVUNWdHZmZmJnNUNJWkFDWFNYU3dVbWdrMlZGZk1EMVk4Q19QOEl5RUdDaEdtUUlRLXhLVVBreGx6WHRjakkyaGI3T1ZscUR0OHJmY3JkTVU3cUlIbmd2YWJhdGp5UDBiN2NKdmVXb0dUZUNUVGNxSE5nNzhwVzFGOGk0VTFvazJZSDlFRjIxQ3h1UmRhMGl2SlRjek0zSmVTX3BzVWIwZm1VS3d2UGlpdzBVYUpzMGJLcW9zT1h3emJrOWd2Y1HSAfACQVVfeXFMTV9LZmhUNExuYmZMT1FXMW0walFMMXpfdFVpWUdkN21jTDk4cXl3RjZuUW5Ja3l5X0hfbi02bWY5OWVhSC12dGR2aWZGalNKTUN2U3B1NHVlRTc4RzhpSzNvQ3VHTjd3aDU2UWhJdkZoR09aNXp4dmtFb05IVGMwYjllOTdWZFNBelpWbjc4ZXhETUs0T2V0QWZUNHFfb0dlMFZyY2JyMW4yOVplNXJ5SHgyMnBTc1RwLTRVdjZkQ2RWQzdnakxOVXNVR0RGV3hsbHR4aW14ZGh3QUlwSTZBWnFPLTdiQ3B3ZG5QYWZZT0FKOTBQVlBOOEZtNmZ1OFFqRVlDOTRkQnRDNVVSZGVULXpsNTVFTWZCdUtQVm1sOUd6X04tQVFBTmxCRnN5N0NnUDJrN1k3dTdQME5IUmEyMkJPaDJkT3lZTnA2RnVlQzNRSkxXTXA2VjBqN0xPcTR3blZyaGF2NllSM1lGUXFpQng?oc=5"" target=""_blank"">As Amazon loses $450 billion-plus in market value in less than 10 days, here's what founder Jeff Bezos to</a>&nbsp;&nbsp;<font color=""#6f6f6f"">Times of India</font>",Negative,0.5770788192749023,"Mon, 16 Feb 2026 07:10:00 GMT"
news,flipkart,"iPhone 16 Pro available under Rs 99,999 - India Today","<a href=""https://news.google.com/rss/articles/CBMiqwFBVV95cUxQc2xCRjlVODlKSDVrdEJ0RmFWOVVFUGt0bEZKX3I1OEd2Nkc5UlQ3R181OVQwTlktc3NfTXhFdi1lbkcya0g4S3MyY3ZuUFZzT3o5a3k3YjgyNWlHQ1RXbkl6M3paM2EzbFF4dnF4blV2bjJaQ25uQ0VtZl9VbVU0MGJ1RlJzV0xMUW41VTNmOUh2NDR5SVdxUko2SUJDZTlQdUxsREd0WVpHNEXSAasBQVVfeXFMUHNsQkY5VTg5Skg1a3RCdEZhVjlVRVBrdGxGSl9yNThHdjZHOVJUN0dfNTlUME5ZLXNzX014RXYtZW5HMmtIOEtzMmN2blBWc096OWt5N2I4MjVpR0NUV25JejN6WjNhM2xReHZxeG5Vdm4yWkNubkNFbWZfVW1VNDBidUZSc1dMTFFuNVUzZjlIdjQ0eUlXcVJKNklCQ2U5UHVMbERHdFlaRzRF?oc=5"" target=""_blank"">iPhone 16 Pro available under Rs 99,999</a>&nbsp;&nbsp;<font color=""#6f6f6f"">India Today</font>",Neutral,0.8360588550567627,"Mon, 16 Feb 2026 07:43:14 GMT"
news,flipkart,"Flipkart OMG Gadgets Sale: Deals on iPhone 17, Google Pixel 10, Vivo X200T, and More - Gadgets 360","<a href=""https://news.google.com/rss/articles/CBMizgFBVV95cUxQZ3Y3MElUV3JCYWtIZ3VPZTlEZVNiX0Y2SWJVSUlza0lmOTdzWWZwLVpiVGtBYlBQQThLamxOaUlmcHhRU1I5dWhwaXpwdUZiR0dGTWJ0ZVVTdmpMVjJsNnhfekw3ZzUwV2l5SGxQMU5uZWVQeFkzMEw0NmZ4eWI4TkpKNGRBTzNXYUNJTmt0M1dHbVctT3BXZ1k5QzZ0bGxHOF9RNzJ5MTlfS2dsalFQY3NfdUhLR0JBX2hKM1FNbnE4UnJ3UXRVaFBOb0EwUdIB0wFBVV95cUxPVGFqcFRWU0pYNWJoMzhWOFlEdVdqMkk4dDRBcmRKekFacEotcVJhWnUtaHZOOTg5OURvMGhkUlVZblltT2ZjVVo3UVNnbUpKVjN2elV3X1JHc05fSlctaVZ5bTlfWV90X0JiMEU4MGx0Yy00V0lkZGFlSm0yVUhQTTZEYlBQdUxlR21DN3ZXQk1DOXpSSzIxdVpwaFpSZ3ZiWHZoSWRUUmJNVE83NzY0cnBiLUN6MDBPNXFYX3NfaFE1eWJ0dFlTMnRFNzZpUTdXRldn?oc=5"" target=""_blank"">Flipkart OMG Gadgets Sale: Deals on iPhone 17, Google Pixel 10, Vivo X200T, and More</a>&nbsp;&nbsp;<font color=""#6f6f6f"">Gadgets 360</font>",Neutral,0.7918774485588074,"Mon, 16 Feb 2026 12:16:44 GMT"
news,flipkart,"Flipkart wants a bite of food delivery next; Bengaluru pilot planned, report says - Moneycontrol","<a href=""https://news.google.com/rss/articles/CBMi0gFBVV95cUxPOE5xQjJ0U0RnRUg5NV9WNWJ6QzVYZC1NZEhoVDBlR0RlS254U2MwMloxU0l4ZTlxNko4QTdrZVVSY2htcHNZNUF1YW1GTG9OZ3dQa0N0OEFoeE50c0UzaVUyQk5HWWhZS0dwU2tLT0JQNEVRdVlxRTJFQ284UWRONVpJT0hqOTZhYjdfYVNCWlcyWlJLX3BwdEY3dEVoUXlOSGNMdFJwcWpLNnRSdlFlWWZVUGxPUjJjNmhMNk5TZl9kMXhvSFZwZUgtXzBrb1JwdnfSAdcBQVVfeXFMUDMxQ3dlQnF1THEwRXMyQ3dsQlI2UVlzc1ppbmpISGdlQnZNOTh4aEFsbG55aVF5NTVwNVZzSlNWczBpYTFlMmVOcnhNQzl2RU9GRzkwblJSc1Fjb2RsY3A5N21pMXBKTDRzYm85bS1jSFA4S244elUzcFowdHlaTmNoT25iemxUVFE3MEJ5dVcybGVJdFNYNDlmb3Q5UnB6U0lRNDFQN3RUWjZKMG1BVG9nMmxiaVJpb3dRM2V0TExVdVY5bUZvRVN4S3VpajRBTXVRcGlrQ2M?oc=5"" target=""_blank"">Flipkart wants a bite of food delivery next; Bengaluru pilot planned, report says</a>&nbsp;&nbsp;<font color=""#6f6f6f"">Moneycontrol</font>",Neutral,0.7082308530807495,"Thu, 12 Feb 2026 03:35:31 GMT"
news,flipkart,"Snapdeal penalised for violating toys quality control order; notices sent to Amazon, Flipkart - Storyboard18","<a href=""https://news.google.com/rss/articles/CBMi2wFBVV95cUxNSHFua3oybV9zUlVuYnpjci1LVWNwYXV3eUlmRXZWWmNGRkM3TlFGbERJd183bjZuSXpWQUZzZHhDQk5IT0FGUGZwSDFBWXdFMVJSZ3k2cW9KN0VXa3kzWG5KYno1dGg0MDQ4T2lDd1EySG4wYlk4MUlFWkVLNlFuWWExN3ZOanQyOVljRFhJV0Vqamo2SDQ5bVlNT3N3cjhQRVdjcU9xTmJBaEJIVnZWbURRUFVscWJEeTJ5WVE1LUZSMnlabmRDNC12bm9wNDVKWFBUWnlMSFpmcDDSAeABQVVfeXFMUHY2RkRnTVU0OTB1S0hKOXhjbGJBNlNGWll0ZDczekRPallkNXlETlBUeWVpdkl1b3IzN0dwNVVFQld6NGVkUnZHampBNlpmbkxzX3lxUEV4TnNNREtwM08tazZVRElwT3FicUFmcDZsUlFMSU1Yb3h5dl9rdkZvSzR3UXNqRlB3QmtNZnBHejRyaGE2NFlEQzB5emMwcmhBZHdKcnRnVGpkLVdUbVBnM1BRekdMTWtRNVQxMUctN0pnVlJvS2xnTENTWlpJaFhacjItV05MRWwzaVgwaTV6RFU?oc=5"" target=""_blank"">Snapdeal penalised for violating toys quality control order; notices sent to Amazon, Flipkart</a>&nbsp;&nbsp;<font color=""#6f6f6f"">Storyboard18</font>",Negative,0.6224122047424316,"Mon, 16 Feb 2026 10:49:44 GMT"
news,flipkart,Exclusive: IPO-bound Flipkart explores food delivery launch - The Economic Times,"<a href=""https://news.google.com/rss/articles/CBMixwFBVV95cUxNeHcwVC1kUEs5c2ZJZUxhcFI2bGtOZk9ablQ3eG1sZ2dTRnA0cGdzWVVyT0xsanJJTEJzTUpOSHotZ1NxUi1qTFp1Vnhla2xWQ3RiOGpmZjI0aVBFSzVPZk1RdFBxY0UxNjdQUU8zalFJX1FfNm0xdndwLUlPRTRrOTVJSHFfQUt4Um9HeHNBMm82cWlWYUpPSXBmUVRhc0xtalZ3dTJLejhiYWlaV0Z3LTExU1ZxX2t1aFpOLWRSazN0QThOaFIw0gHMAUFVX3lxTE1HbUF0aG4zWFpHTU5jc01sRVJ5Y1lkU2hkZV9kcEtSWVVhNDlYNTlpbDNxWG8wYnFLeFdOMy04TnF1d240aFJ2NlRnNjFGd2tlSFQxMWJrdDFmYzNoVUx0ZGdnNWZLRHdfZmpDcHVCN3ktWndWYWJaa0ZJT2VFcmVvcG5JbldMSTlZVGY1VFRKNjJVSjBCM05GQi11endMeVJfa1VuMkxYcTI4dDVmbHI2MGN5c01MX3JoM0MweFdqMU1uZGZFZkRKdzdPcA?oc=5"" target=""_blank"">Exclusive: IPO-bound Flipkart explores food delivery launch</a>&nbsp;&nbsp;<font color=""#6f6f6f"">The Economic Times</font>",Neutral,0.8364793658256531,"Thu, 12 Feb 2026 00:30:00 GMT"
news,flipkart,"Flipkart Turns Heads By Sponsoring Namibia In T20 World Cup, Explains Decision In Viral Advert - NDTV Sports","<a href=""https://news.google.com/rss/articles/CBMi3gFBVV95cUxNRkV2amZlNU5OTEtXU1l5a1psQ2dQeHNqdGRJY3h4WllDRnowU1dRa0J3ZXV1blFUejN0SUdUMFdQeHFzUFBDbmFvQ1lEX1ZWdG1VNzV2WDlLTFZrN056b044OTMtb2Q5YUhMa19nU3J0NjE3QXZxelVFVkR6bGQ4cE1ra0hHNjZPbjVpdVlBQmpUaHBXU002RUhZZVMyWEtsLUhHU3ZVZC1vZ0NTSDE3eHY0V01qTFFGT0hKc2d2NXE0Q1gyQWJCUGNsWm54RVB3WmhmUFhWVUFnNjVXVEE?oc=5"" target=""_blank"">Flipkart Turns Heads By Sponsoring Namibia In T20 World Cup, Explains Decision In Viral Advert</a>&nbsp;&nbsp;<font color=""#6f6f6f"">NDTV Sports</font>",Neutral,0.7453351020812988,"Thu, 12 Feb 2026 04:06:42 GMT"
news,flipkart,Flipkart #FlipTrends sees 1.42x growth in orders from 7–12 Feb ahead of Valentine’s Day - Mediabrief.com,"<a href=""https://news.google.com/rss/articles/CBMie0FVX3lxTE16OTdQaU45eUlveTBBOGVndklQX2VMMlRYbTZNVTlFZzRkbS12dVZ6VUFvbU5FN1BjaTNxa3RmOTFNekk5RFpyWU45aklSM3JQMTJxNFRKWnNWWEd0MUtPc21lTC1wd0hjR3l4RTg0NzhNbE1xUzhkeUVUWQ?oc=5"" target=""_blank"">Flipkart #FlipTrends sees 1.42x growth in orders from 7–12 Feb ahead of Valentine’s Day</a>&nbsp;&nbsp;<font color=""#6f6f6f"">Mediabrief.com</font>",Neutral,0.6634472608566284,"Mon, 16 Feb 2026 12:35:41 GMT"
news,flipkart,How Flipkart bowled a googly by sponsoring Namibia in ICC Men’s T20 World Cup - Firstpost,"<a href=""https://news.google.com/rss/articles/CBMipgFBVV95cUxQRFpkdFR2MmpkMnBKTjV2N3V6ZllxZUpaUHVrclVGWnNzWk10LXBQU3gxdFc1SHRMTmM3WlpEYmVwSG5QeFQydXJnOW9DTnFXazkwU2hHdkZkTjBndXhtaVdjb2RHVHRLajVDYTZkdFN5bDlCX3QtcHRFNS01Wmg2dk92R3kwbEFnNmp1cjN4dlVBMlhzZ3dYUDN5X3Y2c1RQMEQ2SzRR0gGrAUFVX3lxTE9zN2xGVW42RHFGUEFvNkIySWxMRjFTZDBJZ3pjVjAwSjE4Um9LaElnT1lyMHB4azVjREM0LVdLLXdqNjAxVnRsZmo0cG5jLUMtMUhKUTAzMndDMHktVm9tOGhlZzdrTElRVmlKNDBfVkxTd2VaZmFrcFJzOFRmak5RRGo5UTVtZVh4RmMtMDlHc2FybEJfSlVzWlVfSkQ0S2oxV0ZlOFR6Wlgzcw?oc=5"" target=""_blank"">How Flipkart bowled a googly by sponsoring Namibia in ICC Men’s T20 World Cup</a>&nbsp;&nbsp;<font color=""#6f6f6f"">Firstpost</font>",Neutral,0.7813422679901123,"Fri, 13 Feb 2026 10:30:17 GMT"
news,flipkart,"E-commerce marketplace Flipkart is reportedly evaluating an entry into India’s highly competitive online food delivery market, according to an ET report. The Walmart-owned company, which entered the 10-minute grocery delivery segment in late 2024, is consi - instagram.com","<a href=""https://news.google.com/rss/articles/CBMiUkFVX3lxTFBpelU2Vk9fTE9FYVBlZUczaXNiM200VHlTbmR6WnFObzRVQmFnZm1tTGp6Q3BDT0JjdExDdkJ0V1VMdGlwZlB5MjdTYUdlMDI2LXc?oc=5"" target=""_blank"">E-commerce marketplace Flipkart is reportedly evaluating an entry into India’s highly competitive online food delivery market, according to an ET report. The Walmart-owned company, which entered the 10-minute grocery delivery segment in late 2024, is consi</a>&nbsp;&nbsp;<font color=""#6f6f6f"">instagram.com</font>",Neutral,0.8791186213493347,"Thu, 12 Feb 2026 09:53:36 GMT"
news,flipkart,"Turbulent markets, Razorpay readies IPO, and Flipkart's masterstroke — Editor’s Picks from Moneycontrol - LinkedIn","<a href=""https://news.google.com/rss/articles/CBMinwFBVV95cUxQSHU3VTBvd21Cb2NRWE5xeWJ6dXAwMld6cElCalJkWFVYOW9MZTEtRWF6LU9XQzJsNVdqaUV4M3RaNThORGFqczZibGs2Um9fc19MbUQ4TTNpRzlxM0cySGpEOGFzREM4TGFFMW5UbVc4WGFWQWU2N2MycHBuUXU5ZDhpTEs5Z0pIcndUNmowYm1sek9TWDY5WXpFeFpLVUk?oc=5"" target=""_blank"">Turbulent markets, Razorpay readies IPO, and Flipkart's masterstroke — Editor’s Picks from Moneycontrol</a>&nbsp;&nbsp;<font color=""#6f6f6f"">LinkedIn</font>",Neutral,0.7435895800590515,"Fri, 13 Feb 2026 14:37:14 GMT"
news,flipkart,Genius move: Why India’s Flipkart chose to sponsor Namibia at T20 World Cup - Gulf News,"<a href=""https://news.google.com/rss/articles/CBMiwAFBVV95cUxPSzVRckxrLXdWaUM4VmpGdGZPS29QcUkzQmhZMC15ZEtxbXNZTjA3SVFWT2VHZUNsdENSalpZSW8tZUhCcHNnWHgzRUg3LVBmTDUwQ3dDVWloSWxKRzJKVkUzSzdWaXNrSTdtSWNYRm0xai1oTHJhT05oN2xBZWxERjk3TXdyaVYyd0xoTUl5blZscVVFZmQ1ODNTRUFvbE13SjBHaVZWSElCVHBNSi1qbHV3MGN2Z2Z2dW9CMUpQS0w?oc=5"" target=""_blank"">Genius move: Why India’s Flipkart chose to sponsor Namibia at T20 World Cup</a>&nbsp;&nbsp;<font color=""#6f6f6f"">Gulf News</font>",Neutral,0.7503254413604736,"Thu, 12 Feb 2026 14:22:57 GMT"
news,flipkart,Clearance college bags for girl in flipkart below 300 Free Shipping Flipkart True Human High quality Designer trending School bag For Girls Waterproof Backpack Backpack - coyotechronicle.net,"<a href=""https://news.google.com/rss/articles/CBMiXEFVX3lxTE0yMXFMQ2RITkkwdngtMmlUb0llV3R0UTFSa2gwSXJ6WGp4U0FQQ3d3MWcyelRLN0w0YThBTWZHdE5BQTJheU80OXByVXRXVmdSQnc1dDRNTG1MbGo0?oc=5"" target=""_blank"">Clearance college bags for girl in flipkart below 300 Free Shipping Flipkart True Human High quality Designer trending School bag For Girls Waterproof Backpack Backpack</a>&nbsp;&nbsp;<font color=""#6f6f6f"">coyotechronicle.net</font>",Neutral,0.8358950614929199,"Fri, 13 Feb 2026 07:18:21 GMT"
news,flipkart,Flipkart Mulls Entry In Food Delivery Segment: Report - Inc42,"<a href=""https://news.google.com/rss/articles/CBMiggFBVV95cUxOck9qQ1ZPMmszX3l4YmViWDFtUnZTRjJDMFE1b3gzeTBVWkxyUGhjQ3Y1ZGJuSGVjSWFjakRSbWp2YUQtbkZLVURaQlhpUlZaemJpVjVzYUdqX1QzNkU4R3FRMnk3TV9hWEJVbkxsOFVvVEJjaUdMcEFBeUgwMjVoTlp3?oc=5"" target=""_blank"">Flipkart Mulls Entry In Food Delivery Segment: Report</a>&nbsp;&nbsp;<font color=""#6f6f6f"">Inc42</font>",Neutral,0.8324472904205322,"Thu, 12 Feb 2026 07:52:33 GMT"
news,flipkart,"JioHotstar recruits senior leaders from Google, Flipkart and Razorpay to power its next phase of AI growth - People Matters - HR News","<a href=""https://news.google.com/rss/articles/CBMi7AFBVV95cUxPYW9ScU1PNFJBRjVXRUxpOVlpUHVld2xLUW92SFhQdkstVFRURE5QZGs3VmVxRlk3LXAzVmxEdkIxR29GMGw5R2NkZ090VEo1N3oxd3NLZS03RjE3M0NldzhYNFNXWFhMbkcxaFpYYkFqYkk5VVRaelcxd2o1OGF1TFNGa3ZQVFp5MENkLTRwdWdTUG4zTUtkTXFnb1ZOeWZURi1qNy1Ja1NNVW1pdG11ZC1fSW03RXJab3BxcXd4YzdLUXluLUxyWGdTYUhPVVlEVVN3NXd6STBLTENmYkVBUGtodTFNSzNqdTlLdg?oc=5"" target=""_blank"">JioHotstar recruits senior leaders from Google, Flipkart and Razorpay to power its next phase of AI growth</a>&nbsp;&nbsp;<font color=""#6f6f6f"">People Matters - HR News</font>",Neutral,0.8232906460762024,"Wed, 11 Feb 2026 04:05:31 GMT"
news,flipkart,Tiger-Flipkart tax ruling: The bottom line - Stephenson Harwood,"<a href=""https://news.google.com/rss/articles/CBMijAFBVV95cUxOV3VlaXBUczNhQWtNZnl5ajl2Y3RjYlZ0NHdnMEZNX0dmZlo2MTBRdkZja3R6dTRnVnRsaTJyVHhaREhSSURGSGdhTFFidWRWQVl0QlR4ZlRxOVd4bEY0SThibnl5Q2pnRjBLbjFTQzNBSVBJU2FvY09rblQxMXU3WG5BSXNDWmJvTllITQ?oc=5"" target=""_blank"">Tiger-Flipkart tax ruling: The bottom line</a>&nbsp;&nbsp;<font color=""#6f6f6f"">Stephenson Harwood</font>",Neutral,0.7459477186203003,"Tue, 10 Feb 2026 17:18:58 GMT"
news,flipkart,Shalini Kochar joins Swiss Beauty as AVP - Marketing - Social Samosa,"<a href=""https://news.google.com/rss/articles/CBMiekFVX3lxTFBvQU92czdCUmV6MnNLU0pfTzlGcmF3bUtlcmhlQnY0dllVVUhzOHBHZU1hRF96dG9hbEJ3amtfNVVaX3AtT0d0dXZPb25Tdk16VG5kQlgxME9hcy1kbXk1aGhkd1p5S0xTY0hkeVk1NU04LTJOZHJYNlp30gF6QVVfeXFMUG9BT3ZzN0JSZXoyc0tTSl9POUZyYXdtS2VyaGVCdjR2WVVVSHM4cEdlTWFEX3p0b2FsQndqa181VVpfcC1PR3R1dk9vblN2TXpUbmRCWDEwT2FzLWRteTVoaGR3WnlLTFNjSGR5WTU1TTgtMk5kclg2Wnc?oc=5"" target=""_blank"">Shalini Kochar joins Swiss Beauty as AVP - Marketing</a>&nbsp;&nbsp;<font color=""#6f6f6f"">Social Samosa</font>",Neutral,0.882150411605835,"Mon, 16 Feb 2026 07:03:45 GMT"
news,flipkart,Flipkart Namibia Sponsorship: ₹40 crore gamble or masterstroke? Flipkart’s World Cup bet to sponsor Namibia cricket team - Storyboard18,"<a href=""https://news.google.com/rss/articles/CBMi4AFBVV95cUxPanM2N3Y5RW1TMkhfNWN1NjBLN1JQUWdUMkVLSEhndmVfanE1YXNNN1NBWG81Q1l0WHRPMThJUElpZzEtNXA3SkF2SmR3NUVyV3RUR21yWlI4ODdkbWpNVUgxUXVMVTdTYTcwVHVKX05NTWM4djdfZ3BsbGFibUxTb3puZTZ5NXdhOEl4QU0zNkdlU2NPUXZ4RWRxZ0QtWHhnYWF4QTZwWWl0V1JoUkJOZXVNajZYLVhzX3pSRGt3Tk5fcmg0WGFHNmNINmZCTmQ0bXJMQW9Bd3UxeUtkT2dKcNIB5gFBVV95cUxON0ZSVHB4SjhFY2V3RUdrSVNLTjJSNHBrVWZwVnRieWdQWU00QlhqSElYczBneU5UQXNxZHpBald3YjNLMEZ3V3RJaGMzTlRMQVR0UElPbE55RXU1Q0ZldXFUbWJnWkd0ZHJPWUdveV9naExwWE5PVVcxbHBSUm1hNExuQ0ZPdTFMd0F4X1dZNGZSOXk4aDNJalZ6VDZpM05nQ054SU9uMFVlckk2M0hKc09leTVrcVhucTlHS2Z3UkIxdWM2OTFicTYwZnB3VlFNeGJBMU5wbmZ5dlFlem5WQnlOMVhaQQ?oc=5"" target=""_blank"">Flipkart Namibia Sponsorship: ₹40 crore gamble or masterstroke? Flipkart’s World Cup bet to sponsor Namibia cricket team</a>&nbsp;&nbsp;<font color=""#6f6f6f"">Storyboard18</font>",Neutral,0.8391292095184326,"Thu, 12 Feb 2026 03:11:26 GMT"
news,flipkart,How Flipkart hit a six with Rs 1-crore Namibia deal - Moneycontrol,"<a href=""https://news.google.com/rss/articles/CBMiuAFBVV95cUxQc1BlQzNSWWpTUXdBTUw3WEMzaGF4NGZpTFB4emxndFd3LUVHeW1xYWpxVGNYRGdLUmJwQ21FMnNqZGpKUlpYbi1YZlRLT05QQ2x6eTNBWVl0SWRCeTFHQ3p4aFFKdUc2VUtscW50d2x6V0RYVm5zdzJTX28yTjFMbHpHZjY3ZlpZb3BtZkF6c3B6RVVvbHdlSzVMOHRJbndMMFdVU3BmMW1Bb25SSFN3T2E5a1BNS1R00gG-AUFVX3lxTE9MM1JRaDBSaVdWemVzclZYYlh6R2NzSE9ScnFmRnpqTHRTOVFqWFdWQ1ZtcnRiMTVLTkVVTlBEWmxlSUxkU1NBeWRfM1Zsc1YyUXpNYXNtTk9SRWhRLWdVVmxyaXZLX1JYMnhzOVZ5X1pBZDV2M0tZYU1wTkplam9haTdBWUZlOUZwWms1MGQ4azN2ajFWQ2t5bDYxeHJDamlybmh1bFBKUWM3YzZrUkNJTGlLb3BFRkFRSEEtdUE?oc=5"" target=""_blank"">How Flipkart hit a six with Rs 1-crore Namibia deal</a>&nbsp;&nbsp;<font color=""#6f6f6f"">Moneycontrol</font>",Neutral,0.7439598441123962,"Fri, 13 Feb 2026 09:49:09 GMT"
news,flipkart,"Fans question Flipkart supporting Namibia ahead of T20 WC match with India, e-comm giant’s reply is now wi - The Economic Times","<a href=""https://news.google.com/rss/articles/CBMipwJBVV95cUxQeXdTSExxVlVEN1JEUm12NWtiQlU1TXN2a3A2YWpVeVJKSkloTG8tcS01bmpoZ0RmUE8xRFdHSnVZVmpfOVJlQmVaU2dhbFBJdmVhX3JmRVh6U2c3c2s1NzE0SGlsLXhGVTdNM1VtVFRXN2dYdkZFcTdZckV6Q096ZjBneW9Yal9rcGxIeXkzakZKQWVaSmhTeFJCR1ZKdHVLOFlsNDVkWVByWTBVd2RGN1R1WkQzQjIxTU1zcF91NW1VN3Yzcmh5d1Eyc0Nsd00zZERIbWlVSXFtWXMxNlltZGprcG9BNW9Zd01PWE5JdGcxcHdkWl9aWjBUR0pmdjdOMFNxeVgwWTVUNVJvS0ZEZzRpZ2JhakpJUUh3OFJoQXFpSjFydUNN0gGsAkFVX3lxTE94Z1k5ZzFTdkx3MjU3SXE5RUQ5UUJVZzNfSk9oak9aX3ZtY2NGdVJydHYtUVVmUEdZM2I3OFVIb0hRR1R6U2ZSVFA1eGgwVkFIcnZ1QmpaWTdtMEIwYzVDM3lwXzlSZVZfc2JnVVF4b29jLUVLT1UyMTdBVzRGbHNxMWJaQTJHc0hKNlJLcjJjeGR3ZE1hV1RNMVk5bTlma2lnQWZGaF9EYTA4NkkzQ3N2aTNNYmZCbUV1X0w1ZFVTUmhuby0xMnMxc1k0SVIwWmNpSG5WY1RDeThqVlFlcVV6RVV3aGc4eXhTRnhhcFJSWXgyWVp5WGoxaTVGcGV1UkRtTTMyWDBPMEtaMms0bFdGRkRCZ1MyemctVFRkd0JmX0NzOWFSaHViNVBnbw?oc=5"" target=""_blank"">Fans question Flipkart supporting Namibia ahead of T20 WC match with India, e-comm giant’s reply is now wi</a>&nbsp;&nbsp;<font color=""#6f6f6f"">The Economic Times</font>",Neutral,0.8050199151039124,"Thu, 12 Feb 2026 06:53:14 GMT"
news,flipkart,"Infinix Note Edge 5G India Launch Date Announced, Flipkart Availability Confirmed: See Expected Specs - Gadgets 360","<a href=""https://news.google.com/rss/articles/CBMizwFBVV95cUxOSW1QY3lGdUZMaGJPdThFWDJRZlVIeVVBeFQyTkJSeG14QzJkWXZBeXI5SXVwX2lqX3p3R3VBMFVpdUFTRjdjbVZNMlNRLThkckkyZnVhX2RnSGdYSlVxb0FQWG80TlJaZktJVUlXS0lFNHk0bnY2U2d4ZW5YNnYwS1JLMDBLT1lnQ1A1TmYyZlhaTXQzQU9lT2p6dHQyN1Q1SFUtT0xMcS1LLWFGSy1PRDRDUnZROVV5U1FiWGJ6ZnZRdmFCcGlGMnZCRHNnR03SAdQBQVVfeXFMTkQtRzJraTU1dV9scW9Odmp4V0Vac1A5ajFmRXl6OGNYbF9GMjQ2bDBQQmEtNHlyWnVxZVA1MjVaTF9SdUlmbUNnZEo0ZHF6dk9kWVJiWThsNF9zX0lnbWtvOW43UzA2YXMzdmhycXF5ODhXS2RvSnNTaVJNb2dKZGxiLXl1NENBUWZzN2dRT0xEeERkUHhLci1YaXUwZ3BlMHlYQmFpNjJMcDlHRXNrT0JZamtOaXJsNThIVDFYbmlKYVpIclo3X2dIS0RBZE9yaHNzSjI?oc=5"" target=""_blank"">Infinix Note Edge 5G India Launch Date Announced, Flipkart Availability Confirmed: See Expected Specs</a>&nbsp;&nbsp;<font color=""#6f6f6f"">Gadgets 360</font>",Neutral,0.8184091448783875,"Thu, 12 Feb 2026 09:41:54 GMT"
news,myntra,Myntra lays off 50 employees as it shifts Gurugram roles to Bengaluru - People Matters - HR News,"<a href=""https://news.google.com/rss/articles/CBMivwFBVV95cUxOeGgtVmwzQ25pdmNXajNPVHNNWTdlQjZhcjFjVElITXYzeFF1aHFwRE5GTlFNZTdyRngySHJfUENCdEV1OVEzT0tKb3gwc1hFSi1wdEktNjJhVVEzRXNCazNNbXF3cXVjZnFjLTBIcnZ3WGxURDVPcGp0OFN3eDZqTjdVR3RPX3RXaDNjeWtzYy1DQWpCUk5iR3ZRa3JZNDZiTm82UHI0YWZPUEUtUXBKU2JFQlFVVnUxUlNRSTVOdw?oc=5"" target=""_blank"">Myntra lays off 50 employees as it shifts Gurugram roles to Bengaluru</a>&nbsp;&nbsp;<font color=""#6f6f6f"">People Matters - HR News</font>",Neutral,0.6819204688072205,"Thu, 05 Feb 2026 08:00:00 GMT"
news,myntra,Myntra consolidates Gurugram satellite ops with Bengaluru HQ leading to some transfers & layoffs: Sources - The Economic Times,"<a href=""https://news.google.com/rss/articles/CBMirwJBVV95cUxNN0lVNWZmYTVtZERpZjRxQWFaVVVrM096SzlwR1hheDNDbVl3eVEyM0tGQTliVWxUdjlYakY4bVBjNE1WNmU5WjBRZW5vbmszWFRKZjRlNWN5S205bVJmZEZObzJ0QzlHcXpfZmdDV3lBd0s1M19kY3lkOWdURlRsWXFYTmlwTTZuT0pzeDJYUmVtTTJCZjRPWERLSlVqYmRXYVVqckxmdGR4TGNaOXl5Q3l0Nm43bVRlWlFkcUIzX0RxbDQxRWdaNXlCeGUwb29GTXBveklrblcyYWNaRHc2QlJVYUp0TmU1TjU0OU90N25Rd3BETWxBSTlzREZaWUNWOGRaNG9KS2RtUlRpdDkteTYzeTE3bFBsVUVZZnNtakJDWnhGbUpYS3dyWmt3QzDSAbQCQVVfeXFMTVkxVkgtdHlxRDhPRVNkOElpbkNjSFg0NG80OVpXcGpEVEFLX2NmXzNYZVRvLUNMWDFSdUdhOHctRjNySDlYS2I0clctMDBCaFVIU0tvU2VkT3ZBT3djb3VncXZ1a0ZFWGNySFZvVVhwU3gzNS1DQW5TNXlBSTVTT0JuMjNuMnhXclN1NVNPR1BrWlNKOXhqT09NbTVFMy1BVUdQUEplQW53clRvbzhqY2ZWa3ktcTVZRlB5V1B4NUdsNWVIcERsejVvOTNiSDExTjJ2U1ZPM1FEM01ocndxYTQ2c2JSeERtb0lrMG1RQThEeVNNbXVBMzVUZngtRGpfcklVZnNWUENGbWdXclJMZTI2eGRYYkExZWZrSXk3WkZBc1hFRE9QUkpLZDJOcHZ3Rm5SX2o?oc=5"" target=""_blank"">Myntra consolidates Gurugram satellite ops with Bengaluru HQ leading to some transfers & layoffs: Sources</a>&nbsp;&nbsp;<font color=""#6f6f6f"">The Economic Times</font>",Neutral,0.6157732605934143,"Thu, 05 Feb 2026 13:01:26 GMT"
news,myntra,Myntra Layoffs 2026: Why the Gurgaon Exit Reflects India’s Tech Job Cuts - dqindia.com,"<a href=""https://news.google.com/rss/articles/CBMirAFBVV95cUxQd0w1VXBEUlFBbjJUSzl0ckJ1YnBtZ2RkN0VLTHFGTF9oektueUhwWkJZVkRMNmtEd3lxR19VYm1Zb1MweTR4NWNpeGtyTE15VFZRNUdQWlFVT3NoQ1VzVGYwMzFncjJPak1DZmIzdlRFSUg2elN1RzRrZzMzN3dXbHkxSWRFZHg2ZU1pM1ltYnY2YzlWNDlVTHIzaXJKamtrb1RIcUh6aGtxbjJh0gGsAUFVX3lxTFB3TDVVcERSUUFuMlRLOXRyQnVicG1nZGQ3RUtMcUZMX2h6S255SHBaQllWREw2a0R3eXFHX1VibVlvUzB5NHg1Y2l4a3JMTXlUVlE1R1BaUVVPc2hDVXNUZjAzMWdyMk9qTUNmYjN2VEVJSDZ6U3VHNGtnMzM3d1dseTFJZEVkeDZlTWkzWW1idjZjOVY0OVVMcjNpckpqa2tvVEhxSHpoa3FuMmE?oc=5"" target=""_blank"">Myntra Layoffs 2026: Why the Gurgaon Exit Reflects India’s Tech Job Cuts</a>&nbsp;&nbsp;<font color=""#6f6f6f"">dqindia.com</font>",Neutral,0.5713152289390564,"Fri, 13 Feb 2026 06:38:05 GMT"
news,myntra,Myntra turns print jacket into origami activity to pitch 30-minute Valentine’s gifting - Mediabrief.com,"<a href=""https://news.google.com/rss/articles/CBMie0FVX3lxTE1CSnd1dkl6dzJGVkoxaXpKTDRZUUlzZ1ZNNmd1TWRkMkU3SW12TkhWaWtRX3dDMlVndTlSZ2xhcGNfWnJXNnF2ako0dkVUOG1KbzVRZ2E0dnluRTVmVmVHazFzaXdrNzVsUlNPc1pkMjRIeF9QRHE5TGJVWQ?oc=5"" target=""_blank"">Myntra turns print jacket into origami activity to pitch 30-minute Valentine’s gifting</a>&nbsp;&nbsp;<font color=""#6f6f6f"">Mediabrief.com</font>",Neutral,0.7870661616325378,"Fri, 13 Feb 2026 10:03:39 GMT"
news,myntra,"Can a workspace actually embody your brand’s mission? The role of the office is being redefined across India. We’re shifting from a focus on ""capacity"" to a focus on character. Real productivity is no longer about monitoring hours; it’s about providing a platform - LinkedIn","<a href=""https://news.google.com/rss/articles/CBMiugFBVV95cUxPeW5pUVJ4bGJNV1ViMWtkdm8zWFVHMXlZYTJTT0QxbzN6bjJQbmdwd0U1aTVNTlB6VlRGUzlINXpWaVhsWWh1TlU1bF9UQUNITnRxSU1fdzJ2WWNpc3JBcXdzR0JFcDVhRFZGRlllYUQzYjQ1bmhFdE5fTEtGTGhZVzlnVzR6LXlIZEhOel9Id2xJLUpHcHBoWjdQeXRzSVBuVkx5WjBhYVQ3VnF3d3QyVTVrT1hBMUx5bXc?oc=5"" target=""_blank"">Can a workspace actually embody your brand’s mission? The role of the office is being redefined across India. We’re shifting from a focus on ""capacity"" to a focus on character. Real productivity is no longer about monitoring hours; it’s about providing a platform</a>&nbsp;&nbsp;<font color=""#6f6f6f"">LinkedIn</font>",Neutral,0.6431123614311218,"Mon, 09 Feb 2026 08:15:08 GMT"
news,myntra,Myntra appoints former Instacart executive Pramod Adiddam as CTO - Entrackr,"<a href=""https://news.google.com/rss/articles/CBMipgFBVV95cUxNMFExeEFVUEdfNGVRSXowTTF5bmFqSHh0T3pqVHM3N0NuLWZqMjNSVWxxVFFKa2V0eWR3MGxEc21NV0hoRmVJV041SWtncDdmUzJLbHdnbU8tZ2syTXI5eWJwcVYzeFJfY3Z2akd5dHB4MEx2ZnNKdVBiNTB3ajVPQWxsWVBpR1djSjZPWG4zNnJIeDBQMUV5V3B2Z1dORTl5azI4THJB0gGmAUFVX3lxTE0wUTF4QVVQR180ZVFJejBNMXluYWpIeHRPempUczc3Q24tZmoyM1JVbHFUUUprZXR5ZHcwbERzbU1XSGhGZUlXTjVJa2dwN2ZTMktsd2dtTy1nazJNcjl5YnBxVjN4Ul9jdnZqR3l0cHgwTHZmc0p1UGI1MHdqNU9BbGxZUGlHV2NKNk9YbjM2ckh4MFAxRXlXcHZnV05FOXlrMjhMckE?oc=5"" target=""_blank"">Myntra appoints former Instacart executive Pramod Adiddam as CTO</a>&nbsp;&nbsp;<font color=""#6f6f6f"">Entrackr</font>",Neutral,0.8374112248420715,"Mon, 09 Feb 2026 04:21:07 GMT"
news,myntra,Flipkart needs the magic of Nandita Sinha—the Myntra boss who wasn’t supposed to be one - The Ken,"<a href=""https://news.google.com/rss/articles/CBMimgFBVV95cUxPaHZoZkpmaGt4RHB5N1Z5d0lTazRnaDNERk9RN1R2QVhrY19jOWFfN29va2RySnRxYmI4dXludnFqbXZtb09MaDFtX2p3TXhKbldUTW04V3hfMzVlam42djRPSlp2Z1lNb0xPc2tLVkQ0eXJKcmlRM2w2M1dYbnVpZ2hXanY3UldTQXFCNWQ3RWNKMFF4MUl6cWRB?oc=5"" target=""_blank"">Flipkart needs the magic of Nandita Sinha—the Myntra boss who wasn’t supposed to be one</a>&nbsp;&nbsp;<font color=""#6f6f6f"">The Ken</font>",Neutral,0.6222604513168335,"Thu, 04 Dec 2025 08:00:00 GMT"
news,myntra,"Myntra Takes 30-Minute Fashion Delivery to Patna, Jaipur, Lucknow and Ahmedabad - Entrepreneur India","<a href=""https://news.google.com/rss/articles/CBMiygFBVV95cUxONGlWUGlaa0RJMlQ1ajU2MmxJakl4djB1UHdUVXlVRlNsZVFwaWZvYWtpOERhUk05RFRLS1pEWU5BeVZNdUNuRWQ5V0NEaEF6Y1liMExGRDA1ek9qa2lJYWFvQ3NldVAzMnVuZFZlQkllTzBwMUFuYXhUdzJCaGFaeUFyTzhNaEsxNFpReFJUbkRjWF9KMG9udlh5S3ZacTVQMS1HcDY3R1ZkaHpqclJQa21GQTRucTNtYjVHM0xwc2hHMUYwVlVoOHlB?oc=5"" target=""_blank"">Myntra Takes 30-Minute Fashion Delivery to Patna, Jaipur, Lucknow and Ahmedabad</a>&nbsp;&nbsp;<font color=""#6f6f6f"">Entrepreneur India</font>",Neutral,0.8230139017105103,"Fri, 06 Feb 2026 08:11:44 GMT"
news,myntra,Myntra debuts Comet sneaker brand with experiential OOH - Campaign India,"<a href=""https://news.google.com/rss/articles/CBMiuwFBVV95cUxPd1lPMnNZazFHWlY5SENLb2w3emhlRi1WYnZPV1pnbUs0NkYtS0FCOGMzcHFYemk2MEVGUkR2cHBFeGxheWZQZ3hlMExsdHU0SHJpT1pKRjNGS29lRlpSUTFlN3U0M1hTOGJka1VZc25HeFhkZmxheTlPM191SndEWUFkb01MX0gtdWY1NjJjTVk2NFMxYzFtZ2RLcHB3U2Z6MWFJUTNQb21fZlRYc0FNRWVXRFBJSHRNdGJN?oc=5"" target=""_blank"">Myntra debuts Comet sneaker brand with experiential OOH</a>&nbsp;&nbsp;<font color=""#6f6f6f"">Campaign India</font>",Neutral,0.8473402261734009,"Fri, 06 Feb 2026 16:48:31 GMT"
news,myntra,Myntra M-Now leans on 30-minute gifting for Valentine’s Day - Indian Television Dot Com,"<a href=""https://news.google.com/rss/articles/CBMilwFBVV95cUxPYnFSbmhXbU02Vkd1aWNZVDYxTUVILTlrcXVHcnNwOEtBQnBXZlo3dW5neDFlSmR2LXdXQ0RiUnVWeXplYmhlcGZsemM3ZUxGTFRmTTFJc3pjaUxycHJ6aXZxWWZqc2g5Ym5tU25nYVRPNnJISkU2akFITWlvRHJqcElldmFkSDc4Uk0xSW5veXl2UUp1YUtJ?oc=5"" target=""_blank"">Myntra M-Now leans on 30-minute gifting for Valentine’s Day</a>&nbsp;&nbsp;<font color=""#6f6f6f"">Indian Television Dot Com</font>",Neutral,0.7754461765289307,"Wed, 11 Feb 2026 07:21:48 GMT"
news,myntra,Myntra appoints Pramod Adiddam as Chief Technology Officer - Moneycontrol,"<a href=""https://news.google.com/rss/articles/CBMitgFBVV95cUxPdmY0T09pMDZSZ193R1dLWUlnODJjcVk2OHlWZDhOTnEzbktYR0NtaktnUWtVSk05RWUwdk1sbXFJZDdNX3dPU0VJM2ZqdTdtX3JidVBSdmJUQ214YzlaQkNTN1k0TGRHZ2ZFRHJReEZ5Szd0YXpVZjM0SDQzbVZQeVF4RGxaMzVNN25jaFdpZ3F4WDdfUFJCaE5oNXZzeG5LTm95cnlhY3d3blVwTko5bGpGZ3FtZ9IBuwFBVV95cUxQSlNKT2t5aUl0U0JvQ0k4MndkTUNKMGtfbzhIMkUtd1ZWTlFOOGxTZElBU0ppM0luOFNjZXUzbzJPSldMS3k5U0xkSEdkM3UzNERPU1JUUnpPZmJIR0JXWXV6M05aT2VkVjRva2dKUFB1ZDlIQ0NXa0FwTExyM1Y1Vk9MNHpfNldsYW9fRUR6VlJVdjIxMHVjelhBY1B0R0RhSW5RS0h6anU1WEtFODM3NGsxcEZQRTF3Qzlj?oc=5"" target=""_blank"">Myntra appoints Pramod Adiddam as Chief Technology Officer</a>&nbsp;&nbsp;<font color=""#6f6f6f"">Moneycontrol</font>",Neutral,0.8119437098503113,"Sat, 07 Feb 2026 08:00:00 GMT"
news,myntra,Myntra announces appointment of Pramod Adiddam as chief technology officer - Adgully.com,"<a href=""https://news.google.com/rss/articles/CBMirgFBVV95cUxPNlRYRXpwWWY1ZktLbHhpWmtJaENmcHFBOUh0STZRNnl4RU9ZOVJ0eTlsR0N0WHA1YjQ0bTJDNEZsUnlxUUFIQkgxLVVxXzBWMUJRUTEwMlkyN1dZUUljZlI3MFc3MXBrVG5HUXg2NmpRRWlsVEhXSU5qSTZEcEphYTA4Skx1aVNPekpuZVE5Qkk2ZDhGVG13NHl5VWMzVjZXd1MyQlJCcGZWTTFUR2c?oc=5"" target=""_blank"">Myntra announces appointment of Pramod Adiddam as chief technology officer</a>&nbsp;&nbsp;<font color=""#6f6f6f"">Adgully.com</font>",Neutral,0.8812646865844727,"Sat, 07 Feb 2026 07:28:00 GMT"
news,myntra,How Myntra Used Advertising & Logistics Growth to Drive 18X Profit to Rs 548 Cr in FY25 - MediaNama,"<a href=""https://news.google.com/rss/articles/CBMingFBVV95cUxNa2lzUGJLYW1tcGp4a1ltSXFQUjVsWjhjazFDelFiSzNBRFdGdUhBOTBkMmxrR1M5SjN4ZkRzU3ZxaU5SdGZjb0xvWlF2dzhCeFFFd0RZY0NyaFpOWlB6TUo4VVI4aDhDSzkxYlBjUGJOMEp1cHh3VUZGMGFzRE5lSWN4LVdGLWtJQkNqdkxrbExpVGhwSEQ1OGdpX3FGZw?oc=5"" target=""_blank"">How Myntra Used Advertising & Logistics Growth to Drive 18X Profit to Rs 548 Cr in FY25</a>&nbsp;&nbsp;<font color=""#6f6f6f"">MediaNama</font>",Neutral,0.7727589011192322,"Tue, 16 Sep 2025 07:00:00 GMT"
news,myntra,Jeet Kumar Takes Charge as Director – Category Management at Myntra - IMPACT Magazine,"<a href=""https://news.google.com/rss/articles/CBMivgFBVV95cUxOVzBBQjJtWVBrMm9zSGtFZFc3eGM1MkkwNk00YUN3V0Joczl1dHVxR1B3UmV0MGRWVzhYZE1PaHZaVDlEVks4UkVGdDVrbWtxQ0wxcG1tS2ktRmdvRUt3ZHo5RUJPeVRKZmhlN0tRRWtKc01welZnV1lSU1pQdUtUempfaUtYX1cycVY2Y3Q1UE1qZHY1YjFReC1uSk5IVEdkZ081cW5kSkJjOW93anBMTTZ0NjVKU19nMHRSN2xB?oc=5"" target=""_blank"">Jeet Kumar Takes Charge as Director – Category Management at Myntra</a>&nbsp;&nbsp;<font color=""#6f6f6f"">IMPACT Magazine</font>",Neutral,0.8683450818061829,"Fri, 30 Jan 2026 10:23:19 GMT"
news,myntra,Myntra appoints Pramod Adiddam as Chief Technology Officer - People Matters - HR News,"<a href=""https://news.google.com/rss/articles/CBMisAFBVV95cUxQa3NUcVFkRmdVZFRsN2hxanExNG1SYU9pNUJKWWhFRmFHcVYxSVJUUkVNT0hIdEhCWVgzS2JxNlBRWUVKQUhSYV9XbDJkaHVmTFk3NWNLZUtYSFkxaTRLQTMzZWgxNnphVkNZX09CUHR0WmY1VVJ4VGtHUnBoSHNjQWQ0NktZTkFHLWdXZGl0eHZQa250dUZ5VDhOSGI5WVpTdkw1dGU2cnpiMFBPVjRzVw?oc=5"" target=""_blank"">Myntra appoints Pramod Adiddam as Chief Technology Officer</a>&nbsp;&nbsp;<font color=""#6f6f6f"">People Matters - HR News</font>",Neutral,0.8099976181983948,"Tue, 10 Feb 2026 06:44:33 GMT"
news,myntra,Myntra appoints Google veteran Pramod Adiddam as chief technology officer - The Economic Times,"<a href=""https://news.google.com/rss/articles/CBMi5wFBVV95cUxQVHB2TEtnWUctNXhfV00tZlJGdm54RjJjNjlVc3FMd3Z0TUREME1rbHZUcVVMZkhMQkI2RXotMzFoWnhCZ0k2WXd5SHpFVUN6VzQyYVpLSF9MNFd5SmMzcHFCZGFBc0ktcC1xV1BZQUZPUjVRUVJjOXBRNTNEMjR4ODY1bjB0UW12NkZNWERhOXEtN21tTFpTZHZIYV9vODBHdnJYdmdfWWV4ZFk0NUxFUENIOGZQUThObU1XSXVsZm1pUXQwaHh5MGlPN2RBUnl6djZmODROVldhTGs1QldWamxpNTM5b3PSAewBQVVfeXFMT3p2Z2Z3SGxJQXI1Q1ZzMGNSOUlUclI0cEFtXzRxTWlvX180TEhwSVhQcEljUWF6VEQzX3FIbUhwaG85QjZvcnRwczE1cC10cHo2U2I3SlhqSWo0czBiaDF1enVkd2JxQ191UG9zOTk5THNJUXItUlp4TFgzY3NOUDZQXzI5R1ZFTlc3azAteUgyOFZuZ0hWajNDUnZ0WW8tYkhqdmphdUZYcEhRTGhLdFVHOEV1OG1lS0JISXJqdFNUX1daZThVelY5b2k1dDd1bEZLX0tvTmlsOGFLb0VWNkRnSFY1alNjb3RlcEI?oc=5"" target=""_blank"">Myntra appoints Google veteran Pramod Adiddam as chief technology officer</a>&nbsp;&nbsp;<font color=""#6f6f6f"">The Economic Times</font>",Neutral,0.7928741574287415,"Sat, 07 Feb 2026 08:00:00 GMT"
news,myntra,"Walmart-owned Myntra to expand to Malaysia, UAE and Australia months after Singapore foray - Moneycontrol","<a href=""https://news.google.com/rss/articles/CBMi6gFBVV95cUxQMXBnc3daV0M4MXZGRnQ0amtaNU0yUVBlT09NTUpJMGVxSDgyZDhKajQtOEdlRWdnQm5KR3lCYnhvX3dTSHNSdmtuMnFMVWtmYlV2Y054eVZ1NVc5bXJUVWs0dG5iMlloR2xVTjUweXRIZjFtRlZzdzZqZXJGUkNXVlRlZkVuREphNUdVWVN0eTYwTGxqbnpwV1VveEl6ZzRyQlV2d2FDenBuZU5ZMGJkYUYxTkZpYmVrbHN2VkJuUUFyakRQYWRTTmxEZmFkYnVfbkNkQ1VPN25BejZvVGl5VkQwOGdFTXJUNEHSAe8BQVVfeXFMT1N5WlFRTHl2Y0JueWN4aWpCOVRHckNwN01PYk52SjA3dDY2SGlZUUYwdWxsakZkUnBrWXQ2ZjVuRVdYRjhBV285dHlGWWFnQ213ZVI2RVFscmNzZS1LaW5TUTBvVTZvX3lPV294cFB3X2ZrdHJvTFBVRFB3andjb0xkM29mOGNKQ2d4czNlUTFNVmw0cFhGbWNveVJRczN0MUE3OTYyVk5JXzhiWUFCSzVkVzJaSnR1di1WVnM1dFF1NHpUaThNUkpWUkNoN3NGTkRUbW1TMnVwSUJYSGxKdFQtNFQ0eG9nQjh4Q3RXT0E?oc=5"" target=""_blank"">Walmart-owned Myntra to expand to Malaysia, UAE and Australia months after Singapore foray</a>&nbsp;&nbsp;<font color=""#6f6f6f"">Moneycontrol</font>",Neutral,0.870913028717041,"Mon, 01 Dec 2025 08:00:00 GMT"
news,myntra,"Myntra expands its hyper-speed delivery service M-Now to Patna, Jaipur, Lucknow and Ahmedabad - BusinessLine","<a href=""https://news.google.com/rss/articles/CBMi7wFBVV95cUxPLTMtdXBQMmRUcWhWcmNtc05uVXRkdkpUN3Q4Nm82ZGN1RTlIRHdESDZUSGJuSVNiZkxZX1NZZzZ6Z2dfcjVaR19hd19lMWI0RGwyWm9Ea1Z2Q1BTRTEzYkJNRlI3NWJOMzVzT3hlM0lBZWJuX1R2NzNEUXZ1LS1GYW9sdjdaU3ZTbnNsWENwQTUzMDVxN0lrSy1TY1pNWEw0eXpDUDlZZHVhbWpibldmeWlObVJpVnZwQTRIQnA5am5YMDNwR0NFWVk5bTd6bm1kN1cyR0FWSktLODNBUlpvTnVkZU14bFhyUTc2UE1lSdIB9gFBVV95cUxNWktSTEFoRm11ak1taW4tREFBS2F0akhaa3Vaa1VDcUowN2k3SWdSX0s4Y1BaYXBwd25hVW4wSGw1QmtYME9ZdVBSelBrbUk0WVNZd19QZFYwTkdMSm1sUHhDcDFDVmdlVC1GdXR4akFIWVFIT2hOS2lvTDVRVHpNX3JUZWxmejN4Z1hOdlpodWc5ZjB2RXZtbkk5X29MNll3bFZmai1aUTRIalFhVlpIZlZSVnBKMFhMc2lPSDc4NEg2eml6NEd5VHZkOGtIM1hKZ1ljYWlaY3VGci1ZSlNpQ0VaTWpBakl4V3lyUXVkQWlBZ0kwNkE?oc=5"" target=""_blank"">Myntra expands its hyper-speed delivery service M-Now to Patna, Jaipur, Lucknow and Ahmedabad</a>&nbsp;&nbsp;<font color=""#6f6f6f"">BusinessLine</font>",Neutral,0.7916274070739746,"Fri, 06 Feb 2026 11:58:25 GMT"
news,myntra,"Tech3 | Myntra adds Malaysia, UAE and Australia to cart; LTIMindtree suspends H-1B visa filings; and more - LinkedIn","<a href=""https://news.google.com/rss/articles/CBMimgFBVV95cUxQYlluaWhCU1RvWVRJd2VqT2NLTmFPcFE3LTY0TVVYTnRBc0s2X2tncVBoVXFiYkFrU0Z2SkJLWjdPd2tVVE5sbmRjMWpJaWZsWHJlV0FWZHRfODhnRnhVWEFmTUR2TUxvazAzRXk2WVZvQmVfRERvRkJqRVAwWkJEUnEyUzU0MUx3Y0ZNdVdNNzVKZWVHZWdJWGxR?oc=5"" target=""_blank"">Tech3 | Myntra adds Malaysia, UAE and Australia to cart; LTIMindtree suspends H-1B visa filings; and more</a>&nbsp;&nbsp;<font color=""#6f6f6f"">LinkedIn</font>",Neutral,0.7188774943351746,"Mon, 01 Dec 2025 08:00:00 GMT"
news,myntra,Romantic Valentine’s Day Gifts from Myntra That Aren’t Cringe (Promise) - Elle India,"<a href=""https://news.google.com/rss/articles/CBMiowFBVV95cUxNVE1vSjNDaDJza2FfUW9BcWdIS2ZMS2preGRFZU45dGx3MTZzMXpoVG56QmhrWndsWFJYTE13OG1USUNxbXV1TVRZcTRqYmd0SDJwS0w3dWFxUXZNcXd3Sk5tZnBNR1lTZkJMNEhJQml5SXNTdmg2RUFUdmJwb2lWYURKU3dKd29mUmRLODVFbkF0VnFBVnU1b3FLWjByRFUxaDJR?oc=5"" target=""_blank"">Romantic Valentine’s Day Gifts from Myntra That Aren’t Cringe (Promise)</a>&nbsp;&nbsp;<font color=""#6f6f6f"">Elle India</font>",Neutral,0.6954200267791748,"Thu, 05 Feb 2026 12:06:03 GMT"
